site_uid	substudy	date_start	date_end	atp6:623:E	atp6:431:K	crt:220:S	crt:356:T	crt:76:T	crt:74:I	crt:326:S	dhfr:59:R	dhfr:164:L	dhfr:51:I	dhfr:108:N	dhps:437:G	dhps:581:G	dhps:613:S	dhps:540:E	dhps:436:A	dhps:436:F	fd:193:Y	k13:561:H	mdr1:1246:Y	mdr1:1042:D	mdr1:86:Y	mdr1:184:F	mdr2:484:I	pph:1157:L
Ilemela	untreatedextracted	2017	2017	1/85	20/82	2/77	0/80	3/85	3/85	0/84	52/87	0/73	62/87	58/87	5/86	1/77	0/77	56/77	0/86	0/86	1/83	0/81	2/81	0/81	1/77	29/81	2/77	0/79
Chato	untreatedextracted	2017-07	2017-11	0/84	21/85	4/72	4/67	8/75	8/75	2/77	66/86	1/70	69/86	63/87	10/88	2/72	2/72	47/72	0/88	4/88	3/78	1/82	1/79	1/85	2/71	31/80	3/67	2/81
Buhigwe	untreatedextracted	2017-07	2017-11	0/67	26/72	11/59	0/56	11/64	11/64	0/65	42/72	0/58	44/72	49/72	10/71	18/65	0/65	41/65	0/71	0/71	24/66	1/70	3/65	1/70	3/61	28/63	0/64	0/68
Kigoma	untreatedextracted	2017	2017	2/149	39/151	6/147	0/156	3/165	3/165	0/158	97/153	0/121	104/153	99/154	9/155	27/142	1/142	91/138	2/155	0/155	6/145	0/138	4/152	0/157	0/136	36/141	0/133	0/144
Uvinza	untreatedextracted	2017-07	2017-11	2/70	13/74	1/57	0/63	1/70	1/70	0/66	54/74	0/63	53/74	52/76	15/77	14/62	0/62	38/62	1/77	0/77	3/71	0/67	3/69	0/72	1/66	26/69	0/65	0/67
Kyela	untreatedextracted	2017	2017	0/17	1/20	0/16	0/22	0/26	0/26	0/22	9/19	0/11	9/19	8/19	2/20	0/15	0/15	9/15	0/20	0/20	0/20	0/17	0/18	0/21	0/15	5/15	0/15	0/17
Nyasa	untreatedextracted	2017-07	2017-11	0/36	7/37	1/32	0/36	0/34	0/34	0/38	25/36	0/23	25/36	22/37	1/36	0/31	0/15	18/31	0/36	1/36	0/30	0/31	0/33	0/38	0/28	9/30	0/27	0/31
Tunduru	untreatedextracted	2017-07	2017-11		21/71	0/64	0/70	0/70	0/70	0/72	60/75	0/48	56/75	55/75	14/72	0/64	1/64	43/64	2/72	2/72	0/66	0/65	0/65	0/70	0/58	35/66	0/58	0/66
Masasi	untreatedextracted	2017	2017	0/73	19/85	1/83	0/88	0/94	0/94	0/91	59/88	0/73	59/88	58/88	24/88	0/80	1/80	43/80	3/88	1/88	0/81	0/82	0/84	0/88	0/78	31/81	0/76	0/80
Nanyumbu	untreatedextracted	2017-07	2017-11	0/20	5/22	1/18	0/16	0/26	0/26	0/17	7/22	0/14	8/22	9/25	3/24	0/19	1/19	11/18	2/24	0/24	0/20	0/16	0/23	0/21	0/18	8/20	0/12	0/16
Mtwara_DC	untreatedextracted	2017-07	2017-11	0/15	5/14	0/13	0/13	0/14	0/14	0/14	10/14	0/10	8/14	9/14	4/14	0/15	0/15	8/15	0/14	1/14	0/13	0/13	1/14	0/15	0/11	4/11	0/12	0/14
Kibaha	untreatedextracted	2017	2017	0/111	24/115	1/106	0/119	0/128	0/128	0/121	71/114	0/95	76/114	78/116	35/114	3/104	1/104	65/104	14/114	1/114	0/111	0/112	0/114	0/117	1/104	47/107	0/101	0/104
