"project_dir","k13_min","k13_max","WT_variant"
"s0002_ayelaw_eth2023_v01",1,726,"k13:441_446_449_458_469_476_481_493_515_527_537_538_539_543_553_561_568_574_580_622_675:PFGNCMAYRPNGRIPRVPCRA"
"s0003_gidey_eth2022_v01",1,726,"k13:441_446_449_458_469_476_481_493_515_527_537_538_539_543_553_561_568_574_580_622_675:PFGNCMAYRPNGRIPRVPCRA"
"s0004_fola_eth_622i_v01",1,726,"k13:441_446_449_458_469_476_481_493_515_527_537_538_539_543_553_561_568_574_580_622_675:PFGNCMAYRPNGRIPRVPCRA"
"s0005_mihreteab_eritrea_622i_v01",430,720,"k13:441_446_449_458_469_476_481_493_515_527_537_538_539_543_553_561_568_574_580_622_675:PFGNCMAYRPNGRIPRVPCRA"
"s0006_WRAIR_kenread_ken_v01",1,726,"k13:441_446_449_458_469_476_481_493_515_527_537_538_539_543_553_561_568_574_580_622_675:PFGNCMAYRPNGRIPRVPCRA"
"s0007_connelly_2024_zim_v01",1,726,"k13:441_446_449_458_469_476_481_493_515_527_537_538_539_543_553_561_568_574_580_622_675:PFGNCMAYRPNGRIPRVPCRA"
"s0008a_MSMT_TZA_22_v01",1,726,"k13:441_446_449_458_469_476_481_493_515_527_537_538_539_543_553_561_568_574_580_622_675:PFGNCMAYRPNGRIPRVPCRA"
"s0008b_MSMT_TZA_23_v01",1,726,"k13:441_446_449_458_469_476_481_493_515_527_537_538_539_543_553_561_568_574_580_622_675:PFGNCMAYRPNGRIPRVPCRA"
"s0010_karamoko_mgem_unpub_v01",1,726,"k13:441_446_449_458_469_476_481_493_515_527_537_538_539_543_553_561_568_574_580_622_675:PFGNCMAYRPNGRIPRVPCRA"
"s0011_jacques-mari_gmms_unpub_v01",1,726,"k13:441_446_449_458_469_476_481_493_515_527_537_538_539_543_553_561_568_574_580_622_675:PFGNCMAYRPNGRIPRVPCRA"
"s0012_tes_kagera_tza_v01",430,720,"k13:441_446_449_458_469_476_481_493_515_527_537_538_539_543_553_561_568_574_580_622_675:PFGNCMAYRPNGRIPRVPCRA"
"s0013_MSMT_TZA_21_v01",1,726,"k13:441_446_449_458_469_476_481_493_515_527_537_538_539_543_553_561_568_574_580_622_675:PFGNCMAYRPNGRIPRVPCRA"
"s0014_young_rwa_unpub_v01",1,726,"k13:441_446_449_458_469_476_481_493_515_527_537_538_539_543_553_561_568_574_580_622_675:PFGNCMAYRPNGRIPRVPCRA"
"s0016_connelly_2024_elife_v01",1,726,"k13:441_446_449_458_469_476_481_493_515_527_537_538_539_543_553_561_568_574_580_622_675:PFGNCMAYRPNGRIPRVPCRA"
"s0017_moser_mol_ecol_v01",1,726,"k13:441_446_449_458_469_476_481_493_515_527_537_538_539_543_553_561_568_574_580_622_675:PFGNCMAYRPNGRIPRVPCRA"
"s0019a_conrad_v01",1,726,"k13:441_446_449_458_469_476_481_493_515_527_537_538_539_543_553_561_568_574_580_622_675:PFGNCMAYRPNGRIPRVPCRA"
"s0020_some_2024_v01",1,726,"k13:441_446_449_458_469_476_481_493_515_527_537_538_539_543_553_561_568_574_580_622_675:PFGNCMAYRPNGRIPRVPCRA"
"s0021_roh_2023_v01",1,726,"k13:441_446_449_458_469_476_481_493_515_527_537_538_539_543_553_561_568_574_580_622_675:PFGNCMAYRPNGRIPRVPCRA"
"s0022_molinadelafuente_2023_v01",433,711,"k13:441_446_449_458_469_476_481_493_515_527_537_538_539_543_553_561_568_574_580_622_675:PFGNCMAYRPNGRIPRVPCRA"
"s0023_fola_2024_zambiacmed_v01",1,726,"k13:441_446_449_458_469_476_481_493_515_527_537_538_539_543_553_561_568_574_580_622_675:PFGNCMAYRPNGRIPRVPCRA"
"s0024_fola_2023_zambiamalj_v01",1,726,"k13:441_446_449_458_469_476_481_493_515_527_537_538_539_543_553_561_568_574_580_622_675:PFGNCMAYRPNGRIPRVPCRA"
"s0025_ogwang_aac_v01",427,709,"k13:441_446_449_458_469_476_481_493_515_527_537_538_539_543_553_561_568_574_580_622_675:PFGNCMAYRPNGRIPRVPCRA"
"s0026_verity_v01",1,726,"k13:441_446_449_458_469_476_481_493_515_527_537_538_539_543_553_561_568_574_580_622_675:PFGNCMAYRPNGRIPRVPCRA"
"s0027_bayih_ajtmh_v01",427,709,"k13:441_446_449_458_469_476_481_493_515_527_537_538_539_543_553_561_568_574_580_622_675:PFGNCMAYRPNGRIPRVPCRA"
"s0028_alemayehu_v01",427,709,"k13:441_446_449_458_469_476_481_493_515_527_537_538_539_543_553_561_568_574_580_622_675:PFGNCMAYRPNGRIPRVPCRA"
"s0029_warsame_2019_v01",427,709,"k13:441_446_449_458_469_476_481_493_515_527_537_538_539_543_553_561_568_574_580_622_675:PFGNCMAYRPNGRIPRVPCRA"
"s0030_uwimana_rwa_2014_v01",440,600,"k13:441_446_449_458_469_476_481_493_515_527_537_538_539_543_553_561_568_574_580:PFGNCMAYRPNGRIPRVPC"
"s0031_bergmann_2021_v01",469,581,"k13:469_476_481_493_515_527_537_538_539_543_553_561_568_574_580:CMAYRPNGRIPRVPC"
"s0032_tacoli_v01",440,726,"k13:441_446_449_458_469_476_481_493_515_527_537_538_539_543_553_561_568_574_580_622_675:PFGNCMAYRPNGRIPRVPCRA"
"s0033_straimer_v01",440,726,"k13:441_446_449_458_469_476_481_493_515_527_537_538_539_543_553_561_568_574_580_622_675:PFGNCMAYRPNGRIPRVPCRA"
"s0034_uwimana_v01",442,727,"k13:446_449_458_469_476_481_493_515_527_537_538_539_543_553_561_568_574_580_622_675:FGNCMAYRPNGRIPRVPCRA"
"s0035_kirby_v01",516,572,"k13:527_537_538_539_543_553_561_568:PNGRIPRV"
"s0036_schreidah_v01",1,726,"k13:441_446_449_458_469_476_481_493_515_527_537_538_539_543_553_561_568_574_580_622_675:PFGNCMAYRPNGRIPRVPCRA"
"s0039_yobi_2020_plosone_v01",427,595,"k13:441_446_449_458_469_476_481_493_515_527_537_538_539_543_553_561_568_574_580:PFGNCMAYRPNGRIPRVPC"
"s0040_mvumbi_2017_plosone_v01",427,709,"k13:441_446_449_458_469_476_481_493_515_527_537_538_539_543_553_561_568_574_580_622_675:PFGNCMAYRPNGRIPRVPCRA"
"s0041_yobi_2022_v01",427,595,"k13:441_446_449_458_469_476_481_493_515_527_537_538_539_543_553_561_568_574_580:PFGNCMAYRPNGRIPRVPC"
"s0042_mesiakahunu_v01",396,698,"k13:441_446_449_458_469_476_481_493_515_527_537_538_539_543_553_561_568_574_580_622_675:PFGNCMAYRPNGRIPRVPCRA"
"s0043_vanloon_v01",469,581,"k13:469_476_481_493_515_527_537_538_539_543_553_561_568_574_580:CMAYRPNGRIPRVPC"
"s0045_bakari_v01",430,726,"k13:441_446_449_458_469_476_481_493_515_527_537_538_539_543_553_561_568_574_580_622_675:PFGNCMAYRPNGRIPRVPCRA"
"s0046_bwire_v01",354,666,"k13:441_446_449_458_469_476_481_493_515_527_537_538_539_543_553_561_568_574_580_622:PFGNCMAYRPNGRIPRVPCR"
"s0047_balikagala_v01",469,708,"k13:469_476_481_493_515_527_537_538_539_543_553_561_568_574_580_622_675:CMAYRPNGRIPRVPCRA"
"s0048_vanloon_v01",469,581,"k13:469_476_481_493_515_527_537_538_539_543_553_561_568_574_580:CMAYRPNGRIPRVPC"
"s0049_plucinski_v01",1,726,"k13:441_446_449_458_469_476_481_493_515_527_537_538_539_543_553_561_568_574_580_622_675:PFGNCMAYRPNGRIPRVPCRA"
"s0050_davlantes_v01",440,680,"k13:441_446_449_458_469_476_481_493_515_527_537_538_539_543_553_561_568_574_580_622_675:PFGNCMAYRPNGRIPRVPCRA"
"s0052_ljolje_v01",440,726,"k13:441_446_449_458_469_476_481_493_515_527_537_538_539_543_553_561_568_574_580_622_675:PFGNCMAYRPNGRIPRVPCRA"
"s0053_issa_v01",430,720,"k13:441_446_449_458_469_476_481_493_515_527_537_538_539_543_553_561_568_574_580_622_675:PFGNCMAYRPNGRIPRVPCRA"
"s0054_laminou_v01",440,720,"k13:441_446_449_458_469_476_481_493_515_527_537_538_539_543_553_561_568_574_580_622_675:PFGNCMAYRPNGRIPRVPCRA"
"s0055_dorkenoo_v01",430,720,"k13:441_446_449_458_469_476_481_493_515_527_537_538_539_543_553_561_568_574_580_622_675:PFGNCMAYRPNGRIPRVPCRA"
"s0057_koko_v01",440,680,"k13:441_446_449_458_469_476_481_493_515_527_537_538_539_543_553_561_568_574_580_622_675:PFGNCMAYRPNGRIPRVPCRA"
"s0059_osborne_v01",1,726,"k13:441_446_449_458_469_476_481_493_515_527_537_538_539_543_553_561_568_574_580_622_675:PFGNCMAYRPNGRIPRVPCRA"
"s0060_angwe_2024_v01",445,727,"k13:446_449_458_469_476_481_493_515_527_537_538_539_543_553_561_568_574_580_622_675:FGNCMAYRPNGRIPRVPCRA"
"s0061_kamaliddin_2024_v01",434,702,"k13:441_446_449_458_469_476_481_493_515_527_537_538_539_543_553_561_568_574_580_622_675:PFGNCMAYRPNGRIPRVPCRA"
"s0062_vonwowern_2024_v01",NA,NA,NA
"s0063_ngasala_2024_v01",440,600,"k13:441_446_449_458_469_476_481_493_515_527_537_538_539_543_553_561_568_574_580:PFGNCMAYRPNGRIPRVPC"
"s0065_ndiaye_v01",578,580,"k13:580:C"
"s0067_makenga_2022_v01",442,726,"k13:446_449_458_469_476_481_493_515_527_537_538_539_543_553_561_568_574_580_622_675:FGNCMAYRPNGRIPRVPCRA"
"s0068_dasilva_2023_v01",412,723,"k13:441_446_449_458_469_476_481_493_515_527_537_538_539_543_553_561_568_574_580_622_675:PFGNCMAYRPNGRIPRVPCRA"
"s0069_matrevi_2019_v01",430,699,"k13:441_446_449_458_469_476_481_493_515_527_537_538_539_543_553_561_568_574_580_622_675:PFGNCMAYRPNGRIPRVPCRA"
"s0070_hamid_2019_v01",427,709,"k13:441_446_449_458_469_476_481_493_515_527_537_538_539_543_553_561_568_574_580_622_675:PFGNCMAYRPNGRIPRVPCRA"
"s0071_mohammed_sdn_2018_v01",NA,NA,NA
"s0072_makau_ken_2024_v01",441,726,"k13:441_446_449_458_469_476_481_493_515_527_537_538_539_543_553_561_568_574_580_622_675:PFGNCMAYRPNGRIPRVPCRA"
"s0073_agaba_uga_2024_v01",427,709,"k13:441_446_449_458_469_476_481_493_515_527_537_538_539_543_553_561_568_574_580_622_675:PFGNCMAYRPNGRIPRVPCRA"
"s0074_lepiscopia_2025_v01",430,720,"k13:441_446_449_458_469_476_481_493_515_527_537_538_539_543_553_561_568_574_580_622_675:PFGNCMAYRPNGRIPRVPCRA"
"s0075_eloff_2025_v01",435,680,"k13:441_446_449_458_469_476_481_493_515_527_537_538_539_543_553_561_568_574_580_622_675:PFGNCMAYRPNGRIPRVPCRA"
"s0076_martin_2025_v01",433,702,"k13:441_446_449_458_469_476_481_493_515_527_537_538_539_543_553_561_568_574_580_622_675:PFGNCMAYRPNGRIPRVPCRA"
"s0101_plucinski_2017_v01",440,726,"k13:441_446_449_458_469_476_481_493_515_527_537_538_539_543_553_561_568_574_580_622_675:PFGNCMAYRPNGRIPRVPCRA"
"s0103_ebel_2021_v01",389,649,"k13:441_446_449_458_469_476_481_493_515_527_537_538_539_543_553_561_568_574_580_622:PFGNCMAYRPNGRIPRVPCR"
"s0105_kpemasse_2021_v01",580,580,"k13:580:C"
"s0106_lepiscopia_2023_v01",430,720,"k13:441_446_449_458_469_476_481_493_515_527_537_538_539_543_553_561_568_574_580_622_675:PFGNCMAYRPNGRIPRVPCRA"
"s0108_natama_2020_v01",NA,NA,NA
"s0109_gansane_2021_v01",NA,NA,NA
"s0110_tarama_2023_v01",NA,NA,NA
"s0113_mbenda_2016_v01",NA,NA,NA
"s0114_lepiscopia_2021_v01",1,726,"k13:441_446_449_458_469_476_481_493_515_527_537_538_539_543_553_561_568_574_580_622_675:PFGNCMAYRPNGRIPRVPCRA"
"s0115_tuedomagb_2021_v01",NA,NA,NA
"s0116_mairet_khedim_2021_v01",427,709,"k13:441_446_449_458_469_476_481_493_515_527_537_538_539_543_553_561_568_574_580_622_675:PFGNCMAYRPNGRIPRVPCRA"
"s0117_nanarrd_2023_v01",427,709,"k13:441_446_449_458_469_476_481_493_515_527_537_538_539_543_553_561_568_574_580_622_675:PFGNCMAYRPNGRIPRVPCRA"
"s0118_nzoumbou-boko_2020_v01",440,680,"k13:441_446_449_458_469_476_481_493_515_527_537_538_539_543_553_561_568_574_580_622_675:PFGNCMAYRPNGRIPRVPCRA"
"s0119_mayengue_2018_v01",474,624,"k13:476_481_493_515_527_537_538_539_543_553_561_568_574_580_622:MAYRPNGRIPRVPCR"
"s0120_yobi_2020_v01",NA,NA,NA
"s0121_li_2014_v01",NA,NA,NA
"s0122_li_2015_v01",NA,NA,NA
"s0123_riloharivas_2021_v01",427,709,"k13:441_446_449_458_469_476_481_493_515_527_537_538_539_543_553_561_568_574_580_622_675:PFGNCMAYRPNGRIPRVPCRA"
"s0124_hailemeskel_2019_v01",NA,NA,NA
"s0125_hassen_2022_v01",NA,NA,NA
"s0126_tadele_2023_v01",NA,NA,NA
"s0127_holzschuh_2024_v01",481,543,"k13:481_493_515_527_537_538_539_543:AYRPNGRI"
"s0128_voumbo-matoumona_2018_v01",NA,NA,NA
"s0129_woldearegai_2019_v01",NA,NA,NA
"s0130_nguyen_2019_v01",NA,NA,NA
"s0131_adegbite_2019_v01",427,709,"k13:441_446_449_458_469_476_481_493_515_527_537_538_539_543_553_561_568_574_580_622_675:PFGNCMAYRPNGRIPRVPCRA"
"s0132_ontoua_2021_v01",NA,NA,NA
"s0134_narh_2020_v01",427,650,"k13:441_446_449_458_469_476_481_493_515_527_537_538_539_543_553_561_568_574_580_622:PFGNCMAYRPNGRIPRVPCR"
"s0135_aninagyei_2020_v01",440,680,"k13:441_446_449_458_469_476_481_493_515_527_537_538_539_543_553_561_568_574_580_622_675:PFGNCMAYRPNGRIPRVPCRA"
"s0136_myers-hansen_2020_v01",580,580,"k13:580:C"
"s0137_asare_2021_v01",NA,NA,NA
"s0139_dieng_2023_v01",380,660,"k13:441_446_449_458_469_476_481_493_515_527_537_538_539_543_553_561_568_574_580_622:PFGNCMAYRPNGRIPRVPCR"
"s0140_girgis_2023_v01",440,726,"k13:441_446_449_458_469_476_481_493_515_527_537_538_539_543_553_561_568_574_580_622_675:PFGNCMAYRPNGRIPRVPCRA"
"s0141_beavogui_2020_v01",387,648,"k13:441_446_449_458_469_476_481_493_515_527_537_538_539_543_553_561_568_574_580_622:PFGNCMAYRPNGRIPRVPCR"
"s0142_beavogui_2021_v01",NA,NA,NA
"s0143_moss_2023_v01",1,726,"k13:441_446_449_458_469_476_481_493_515_527_537_538_539_543_553_561_568_574_580_622_675:PFGNCMAYRPNGRIPRVPCRA"
"s0146_zhou_2022_v01",440,726,"k13:441_446_449_458_469_476_481_493_515_527_537_538_539_543_553_561_568_574_580_622_675:PFGNCMAYRPNGRIPRVPCRA"
"s0147_jeang_2024_v01",440,726,"k13:441_446_449_458_469_476_481_493_515_527_537_538_539_543_553_561_568_574_580_622_675:PFGNCMAYRPNGRIPRVPCRA"
"s0148_martinez-perez_2018_v01",440,680,"k13:441_446_449_458_469_476_481_493_515_527_537_538_539_543_553_561_568_574_580_622_675:PFGNCMAYRPNGRIPRVPCRA"
"s0151_diarra_2021_v01",427,709,"k13:441_446_449_458_469_476_481_493_515_527_537_538_539_543_553_561_568_574_580_622_675:PFGNCMAYRPNGRIPRVPCRA"
"s0156_dokunmu_2019_v01",NA,NA,NA
"s0157_ikegbunam_2019_v01",NA,NA,NA
"s0160_chijioke-nwauche_2021_v01",NA,NA,NA
"s0161_agomo_2021_v01",NA,NA,NA
"s0164_chen_2021_v01",434,702,"k13:441_446_449_458_469_476_481_493_515_527_537_538_539_543_553_561_568_574_580_622_675:PFGNCMAYRPNGRIPRVPCRA"
"s0165_torrentino-madamet_2014_v01",434,702,"k13:441_446_449_458_469_476_481_493_515_527_537_538_539_543_553_561_568_574_580_622_675:PFGNCMAYRPNGRIPRVPCRA"
"s0167_madamet_2017_v01",427,709,"k13:441_446_449_458_469_476_481_493_515_527_537_538_539_543_553_561_568_574_580_622_675:PFGNCMAYRPNGRIPRVPCRA"
"s0171_delandre_2020_v01",440,600,"k13:441_446_449_458_469_476_481_493_515_527_537_538_539_543_553_561_568_574_580:PFGNCMAYRPNGRIPRVPC"
"s0172_ahouidi_2021_v01",440,726,"k13:441_446_449_458_469_476_481_493_515_527_537_538_539_543_553_561_568_574_580_622_675:PFGNCMAYRPNGRIPRVPCRA"
"s0173_yade_2023_v01",1,1206,"k13:441_446_449_458_469_476_481_493_515_527_537_538_539_543_553_561_568_574_580_622_675:PFGNCMAYRPNGRIPRVPCRA"
"s0174_wotodjo_2023_v01",NA,NA,NA
"s0175_leski_2022_v01",1,1208,"k13:441_446_449_458_469_476_481_493_515_527_537_538_539_543_553_561_568_574_580_622_675:PFGNCMAYRPNGRIPRVPCRA"
"s0176_jalei_2023_v01",427,709,"k13:441_446_449_458_469_476_481_493_515_527_537_538_539_543_553_561_568_574_580_622_675:PFGNCMAYRPNGRIPRVPCRA"
"s0177_hussien_2020_v01",372,677,"k13:441_446_449_458_469_476_481_493_515_527_537_538_539_543_553_561_568_574_580_622_675:PFGNCMAYRPNGRIPRVPCRA"
"s0178_mohamed_2020_v01",NA,NA,NA
"s0179_tukwasibwe_2017_v01",NA,NA,NA
"s0180_cuu_2020_v01",NA,NA,NA
"s0181_nayebare_2020_v01",NA,NA,NA
"s0183_ippolito_2020_v01",1,726,"k13:441_446_449_458_469_476_481_493_515_527_537_538_539_543_553_561_568_574_580_622_675:PFGNCMAYRPNGRIPRVPCRA"
"s0184_mulenga_2021_v01",NA,NA,NA
"s0186_holzschuh_2023_v01",481,543,"k13:481_493_515_527_537_538_539_543:AYRPNGRI"
"s0189_kagoro_2022_v01",430,729,"k13:441_446_449_458_469_476_481_493_515_527_537_538_539_543_553_561_568_574_580_622_675:PFGNCMAYRPNGRIPRVPCRA"
"s0191_mbacham_2010_v01",NA,NA,NA
"s0192_coonahan_2023_v01",440,726,"k13:441_446_449_458_469_476_481_493_515_527_537_538_539_543_553_561_568_574_580_622_675:PFGNCMAYRPNGRIPRVPCRA"
"s0193_awor_2024_v01",1,726,"k13:441_446_449_458_469_476_481_493_515_527_537_538_539_543_553_561_568_574_580_622_675:PFGNCMAYRPNGRIPRVPCRA"
"s0194_kassaza_2021_v01",NA,NA,NA
"s0203_mawili-mboumba_2014_v01",NA,NA,NA
"s0204_nibaptn_2023_v01",17,709,"k13:441_446_449_458_469_476_481_493_515_527_537_538_539_543_553_561_568_574_580_622_675:PFGNCMAYRPNGRIPRVPCRA"
"s210_kojomfoko_2025_v01",440,727,"k13:441_446_449_458_469_476_481_493_515_527_537_538_539_543_553_561_568_574_580_622_675:PFGNCMAYRPNGRIPRVPCRA"
"s211_schallenberg_2025_v01",NA,NA,NA
"s215_wade_2025_v01",440,727,"k13:441_446_449_458_469_476_481_493_515_527_537_538_539_543_553_561_568_574_580_622_675:PFGNCMAYRPNGRIPRVPCRA"
"s216_milongmelong_2025_v01",427,709,"k13:441_446_449_458_469_476_481_493_515_527_537_538_539_543_553_561_568_574_580_622_675:PFGNCMAYRPNGRIPRVPCRA"
"s219_amusan_2024_v01",NA,NA,NA
"s220_onyamboko_2025_v01",440,727,"k13:441_446_449_458_469_476_481_493_515_527_537_538_539_543_553_561_568_574_580_622_675:PFGNCMAYRPNGRIPRVPCRA"
"s221_joao_2025_v01",11,691,"k13:441_446_449_458_469_476_481_493_515_527_537_538_539_543_553_561_568_574_580_622_675:PFGNCMAYRPNGRIPRVPCRA"
"s222_nuwa_2025_v01",469,675,"k13:469_476_481_493_515_527_537_538_539_543_553_561_568_574_580_622_675:CMAYRPNGRIPRVPCRA"
"s223_kimani_2025_v01",432,702,"k13:441_446_449_458_469_476_481_493_515_527_537_538_539_543_553_561_568_574_580_622_675:PFGNCMAYRPNGRIPRVPCRA"
"s224_nyamngee_2025_v01",NA,NA,NA
"s225_olupot-olupot_2025_v01",0,720,"k13:441_446_449_458_469_476_481_493_515_527_537_538_539_543_553_561_568_574_580_622_675:PFGNCMAYRPNGRIPRVPCRA"
"s227_assey_2025_v01",440,680,"k13:441_446_449_458_469_476_481_493_515_527_537_538_539_543_553_561_568_574_580_622_675:PFGNCMAYRPNGRIPRVPCRA"
"s228_vanloon_2025_v01",426,709,"k13:441_446_449_458_469_476_481_493_515_527_537_538_539_543_553_561_568_574_580_622_675:PFGNCMAYRPNGRIPRVPCRA"
"s229_adika_2025_v01",440,680,"k13:441_446_449_458_469_476_481_493_515_527_537_538_539_543_553_561_568_574_580_622_675:PFGNCMAYRPNGRIPRVPCRA"
"s230_mihreteab_2025_v01",435,680,"k13:441_446_449_458_469_476_481_493_515_527_537_538_539_543_553_561_568_574_580_622_675:PFGNCMAYRPNGRIPRVPCRA"
